Keyword ,Rating ,Last Seen,Suggested Bid,Monthly Searches
Location voiture,783,2019-07-01 22:00:00,2.10,70920
Banque en ligne,666,2019-07-03 17:30:00,0.00,50
Carte de crédit,535,2019-06-29 07:00:00,0.00,0
Livraison fleurs,356,2019-05-27 07:00:00,1.01,50590
Tablette tactile,327,2019-06-17 07:00:00,0.11,2290
Pneus pas chers,314,2019-06-26 15:00:00,0.52,1220
Vols pas chers,305,2019-07-01 16:00:00,0.38,14320
Cafetière expresso,294,2019-07-04 19:30:00,0.71,1390
Canicule,292,2019-07-01 22:00:00,0.04,530
Carte bancaire,291,2019-06-30 07:00:00,0.89,48980
Chaussures Adidas,286,2019-07-02 18:00:00,0.18,890
Location appartement,260,2019-07-05 09:00:00,0.37,8150
Antivirus gratuit,254,2019-06-25 17:30:00,0.97,24660
Nintendo Switch,251,2019-06-26 15:00:00,0.07,13150
Chaussures Nike,246,2019-06-17 06:00:00,0.12,2740
Salon de jardin,240,2019-07-02 18:00:00,0.00,0
Prêt personnel,236,2019-06-26 15:00:00,0.88,28330
Devis assurance,227,2019-07-04 19:30:00,1.73,16030
Chemises homme,223,2019-06-03 07:00:00,0.87,560
Mutuelle seniors,221,2019-06-25 22:33:00,0.59,1870
Pharmacie en ligne,215,2019-06-20 16:10:00,0.00,10
Samsung Galaxy,207,2019-06-23 07:00:00,0.19,3960
Apple Watch,205,2019-07-05 09:00:00,0.31,4220
Casque audio,204,2019-06-17 00:30:00,0.22,2770
Voiture occasion,198,2019-06-27 23:00:00,0.21,29730
Tablette Samsung,186,2019-06-17 06:30:00,0.22,5680
Assurance auto,184,2019-06-21 17:00:00,1.76,251180
Location vacances,175,2019-06-25 22:33:00,1.65,13870
Tenue fitness,161,2019-05-28 16:30:00,0.23,290
Tempête Miguel,161,2019-06-09 07:00:00,0.00,22530
iPad Pro,160,2019-06-13 16:30:00,0.39,2960
Assurance voiture,160,2019-05-19 07:00:00,3.20,35810
Vélo enfant,155,2019-07-03 17:30:00,0.26,990
Coque iPhone,152,2019-06-17 07:30:00,0.39,1770
Prêt immobilier,147,2019-05-27 23:30:00,1.49,22110
Crédit gratuit,144,2019-06-19 23:30:00,0.21,60
Réservation hôtel,144,2019-05-26 21:00:00,1.50,27730
Pièces auto,143,2019-05-28 22:30:00,0.75,19390
Livres en ligne,141,2019-07-02 18:00:00,0.00,20
Mutuelle santé,137,2019-05-20 07:00:00,1.86,22460
Rachat crédit,137,2019-06-24 07:00:00,3.23,95290
Attentat de Lyon,134,2019-06-02 07:00:00,0.00,0
Polo Lacoste,134,2019-06-17 06:00:00,0.21,1790
Crédit en ligne,133,2019-06-03 22:30:00,0.00,0
Rencontre amitié,133,2019-07-03 17:30:00,0.31,410
Caisse à vin,133,2019-06-17 05:30:00,0.00,240
Tasse personalisable,131,2019-06-17 07:00:00,0.09,10
Caisse à outils,130,2019-06-17 05:00:00,0.00,540
Briquet gravé,130,2019-06-17 07:00:00,0.13,130
Verre à bière,130,2019-06-17 00:30:00,0.00,850
Guillotine à saucisson,129,2019-06-17 07:30:00,0.00,460
Abris de jardin,129,2019-04-09 16:30:00,0.00,10
Coffret cadeau,129,2019-06-17 07:30:00,1.02,930
Album photo,128,2019-06-17 02:30:00,1.26,38330
Location ski,127,2019-03-10 07:00:00,0.60,100
Abris jardin,125,2019-06-11 23:00:00,0.20,3800
Set à fromage,124,2019-06-17 06:30:00,0.00,80
Résidence seniors,123,2019-06-26 23:00:00,0.76,3410
Porte-cartes,123,2019-06-17 03:00:00,0.25,160
Vélo électrique,123,2019-06-30 07:00:00,0.29,15110
Cadre photo,121,2019-06-17 07:30:00,0.63,3590
Verre à whisky,121,2019-06-17 04:30:00,0.00,440
Adidas Originals,119,2019-06-17 06:30:00,0.27,330
Peignoir brodé,118,2019-06-17 06:00:00,0.52,160
Chemises en lin,118,2019-06-17 07:30:00,0.00,0
Baby-foot,117,2019-06-17 07:00:00,0.35,3290
Mules Birkenstock,116,2019-06-17 06:30:00,0.40,70
Tire-bouchon électrique,116,2019-06-17 07:30:00,0.12,300
Set barbecue,115,2019-06-17 07:30:00,0.40,40
Casquette personnalisable,115,2019-06-17 07:30:00,0.44,540
Panama paille,115,2019-06-17 04:00:00,0.07,10
Planche à découper,114,2019-06-17 07:00:00,0.00,560
Cravate,114,2019-06-17 05:30:00,0.17,800
Machine à expresso,114,2019-06-17 02:30:00,0.00,350
iPad Air,113,2019-06-17 04:30:00,0.13,1240
Week-end thalasso,112,2019-05-26 21:00:00,0.97,630
T-shirt personnalisé,110,2019-06-17 01:30:00,1.64,20
Week-end ski,110,2019-03-30 07:00:00,0.25,290
Chemises hommes,110,2019-06-17 00:30:00,0.53,290
Couteau Laguiole,110,2019-06-17 06:30:00,0.16,810
Nike Air Max,109,2019-05-16 16:00:00,0.17,4340
Affaire Vincent Lambert,108,2019-06-30 07:00:00,0.00,2810
Jeux en ligne,107,2019-06-27 23:00:00,0.00,10
Hôtels pas chers,107,2019-05-19 07:00:00,0.95,1750
Chargeur sans fil,106,2019-06-17 03:30:00,0.21,210
Briquet Zippo,105,2019-06-17 05:30:00,0.22,160
Noeud papillon,103,2019-06-17 05:30:00,0.33,1630
Porte-bouteilles,102,2019-06-17 02:30:00,0.12,90
Robe pas chère,101,2019-06-28 16:30:00,0.36,820
Cours d'anglais,101,2019-04-21 07:00:00,0.00,0
Bac 2019,100,2019-07-05 09:00:00,0.00,0
Cocktail shaker,100,2019-06-17 06:00:00,0.07,40
Montre homme,100,2019-06-17 07:00:00,0.39,2240
Sacs femme,100,2019-04-23 23:30:00,0.19,60
Jeu d'échecs,99,2019-06-17 05:00:00,0.00,0
Tirage photos,98,2019-07-03 22:30:00,0.72,2540
Soins cheveux,97,2019-05-26 19:30:00,0.33,190
Robot multifonction,97,2019-05-14 17:00:00,0.37,1230
Mutuelle chien,97,2019-03-17 07:00:00,2.66,420
Heures du Mans,96,2019-06-17 07:00:00,0.00,0
Rencontres amitié,96,2019-04-29 07:00:00,0.13,70
Promotion ski,96,2019-02-18 07:00:00,0.20,20
Lucifer Netflix,95,2019-06-09 07:00:00,0.00,640
Kit Laguiole,95,2019-06-17 03:00:00,0.09,10
Verres gravés,95,2019-06-17 07:30:00,0.41,120
Anne Hidalgo,94,2019-06-15 07:00:00,0.09,2670
Coffret sommelier,94,2019-06-16 23:00:00,0.16,40
Sortie théâtre,94,2019-07-05 09:00:00,0.07,80
Aspirateur Dyson,93,2019-06-14 15:30:00,0.33,6480
Voiture d'occasion,93,2019-05-17 15:30:00,0.00,0
Verres personnalisés,93,2019-06-17 06:30:00,0.40,140
Chaussures femme,92,2019-07-01 16:00:00,0.27,9550
Achat immobilier,91,2019-04-15 07:00:00,0.79,900
Cafetière Italienne,90,2019-06-17 06:30:00,0.51,2020
Samsung Galaxy S10,89,2019-04-03 22:30:00,0.28,3130
Assurance chômage,88,2019-07-04 20:30:00,0.09,3140
Assurance habitation,88,2019-05-10 16:30:00,1.56,39630
Coffret rasage,88,2019-06-17 04:00:00,0.57,30
Célébrations D-Day,87,2019-06-07 18:00:00,0.00,0
Coffret à vin,87,2019-06-17 04:30:00,0.00,70
Tom Ellis,87,2019-07-02 18:00:00,0.03,6910
Photo sur toile,87,2019-06-17 07:00:00,0.00,0
Sebastian Vettel,86,2019-06-30 07:00:00,0.04,690
Rencontres gratuites,86,2019-06-24 18:00:00,0.19,1320
Sac de voyage,84,2019-06-17 06:00:00,0.00,30
Offre internet,83,2019-07-01 07:00:00,0.80,6230
Téléviseur LED,83,2019-06-24 18:00:00,0.30,270
Cartes de visite,82,2019-05-21 16:30:00,0.00,0
Réforme retraites,82,2019-06-14 15:30:00,0.18,5160
Meilleur club fitness,81,2019-07-04 19:30:00,0.00,90
Trousse de toilette,81,2019-06-16 23:00:00,0.00,0
Tablette PC,81,2019-06-19 22:00:00,0.11,330
Achat immobiler,79,2019-06-24 18:00:00,0.00,10
Robes longues,76,2019-05-13 07:00:00,0.35,1430
Carte grise,76,2019-06-22 07:00:00,1.45,327710
Site rencontre,76,2019-05-30 23:00:00,0.91,53110
Aspirateur robot,75,2019-03-19 06:00:00,0.27,2990
Crédit immobilier,74,2019-05-05 07:00:00,1.86,3830
Porte-clés,74,2019-06-16 23:30:00,0.39,450
Aide à domicile,73,2019-02-24 07:00:00,0.00,21610
Horoscope gratuit,73,2019-05-08 18:30:00,0.07,21800
Chaussures enfants,72,2019-04-23 16:30:00,0.43,280
Pneu discount,72,2019-04-21 07:00:00,0.70,750
Abonnement magazines,72,2019-04-23 16:30:00,0.60,130
Vols Barcelone,70,2019-06-22 07:00:00,0.67,160
Enceinte Bluetooth,70,2019-05-17 15:30:00,0.20,5490
Assurance voyage,70,2019-06-23 07:00:00,1.04,31900
Ecouteurs Bluetooth,70,2019-05-25 23:00:00,0.30,880
Bague Swarovski,70,2019-05-26 09:00:00,0.79,380
Voiture électrique,69,2019-06-15 07:00:00,1.40,31200
Coffret de bière,68,2019-06-16 14:00:00,0.00,0
Parfums femme,68,2019-02-14 17:30:00,0.26,130
Retraite complémentaire,68,2019-06-25 17:30:00,0.32,3990
Drone Iran,68,2019-06-22 07:00:00,0.00,20
Table de billard,67,2019-06-17 06:30:00,0.00,0
Fauteuils design,67,2019-05-17 15:30:00,0.37,270
Week-end amoureux,67,2019-05-06 07:00:00,0.66,2780
Robe de cocktail,66,2019-05-26 18:30:00,0.00,10
Écharpe homme,66,2019-06-17 01:00:00,0.27,110
Affaire Neymar,65,2019-06-08 07:00:00,0.00,20
Sèche-cheveux,65,2019-05-26 08:30:00,0.98,930
Linge de maison,65,2019-05-26 21:00:00,0.00,0
Comparateur assurance,65,2019-04-28 07:00:00,1.35,32020
Explosion Lyon,65,2019-05-30 17:00:00,0.00,300
Saccoche de pétanque,65,2019-06-17 01:00:00,0.00,0
Commando Kieffer,65,2019-06-08 07:00:00,0.04,1000
Michel Canac,64,2019-06-01 07:00:00,0.00,670
Vigilance rouge canicule,64,2019-06-29 07:00:00,0.00,10
Jony Ive,64,2019-06-29 07:00:00,0.00,20
Offres internet,64,2019-05-15 23:30:00,0.77,630
Chope de bière,63,2019-06-17 03:30:00,0.00,0
Assurance vie,62,2019-04-15 23:30:00,0.68,35600
Maillot de bain,62,2019-05-23 23:00:00,0.00,10
Chaussures homme,62,2019-04-26 17:30:00,0.32,2660
Ventilateur,61,2019-06-30 07:00:00,0.60,2190
Portefeuille homme,61,2019-06-17 03:30:00,0.37,920
Patrick Balkany,60,2019-06-12 22:30:00,0.00,11060
Vols New York,60,2019-04-22 23:00:00,0.82,160
Week-end Barcelone,59,2019-03-28 06:30:00,0.48,300
Cave à vin,59,2019-05-27 23:30:00,0.00,4460
Mutuelle étudiant,59,2019-04-09 16:30:00,1.39,60
Robe d'été,58,2019-06-12 22:30:00,0.00,0
Chaussettes homme,57,2019-06-17 06:30:00,0.96,370
Crédit consommation,57,2019-06-10 22:30:00,1.38,38360
Promotion croisière,57,2019-05-26 21:00:00,1.00,20
Short de bain homme,56,2019-06-17 02:30:00,0.00,0
Soins visage,55,2019-06-13 16:30:00,0.39,240
Tablier de cuisine,55,2019-06-17 07:00:00,0.00,0
Galaxy S10,55,2019-03-06 07:30:00,0.46,2920
Lunettes de soleil,55,2019-06-16 19:00:00,0.00,0
Espadrilles homme,55,2019-06-17 04:00:00,0.33,180
Tickets théâtre,53,2019-05-26 09:30:00,0.04,20
Forfait internet,52,2019-07-04 20:30:00,0.50,1300
Coussin personnalisé,51,2019-05-26 18:30:00,0.47,290
Bermuda homme,51,2019-06-17 05:00:00,0.44,700
Wimbledon,50,2019-07-02 23:00:00,0.09,6460
Smartphone Android,50,2019-05-30 17:30:00,0.13,350
Yannick Jadot,50,2019-07-02 23:00:00,0.03,4090
Lunettes Ray-Ban,50,2019-05-26 20:30:00,0.27,430
Éclipse solaire,50,2019-07-02 23:00:00,0.03,370
Crème pour les pieds,50,2019-05-26 17:00:00,0.00,0
Affaire Bygmalion,49,2019-05-20 07:00:00,0.00,530
Meilleur crédit,49,2019-03-01 17:00:00,1.02,50
Lait corporel,49,2019-05-26 17:30:00,0.36,50
Jamel Debbouze,49,2019-06-19 23:30:00,0.23,1980
Objectifs climat,49,2019-06-26 23:00:00,0.00,230
Meilleurs vols,49,2019-05-26 22:00:00,0.39,50
Grand Prix de France,48,2019-06-24 07:00:00,0.00,10
Space X,48,2019-05-26 07:00:00,0.04,2240
Ray-Ban homme,48,2019-06-16 19:00:00,0.41,170
Nordahl Lelandais,48,2019-05-27 07:00:00,0.00,3530
Poudre Givenchy,48,2019-05-26 14:30:00,0.38,40
Boucles d'oreilles,48,2019-02-10 07:00:00,0.00,0
Parfum homme,48,2019-06-09 07:00:00,0.48,1770
Permis bateau,48,2019-06-24 07:00:00,0.29,1690
Laurence Boccolini,48,2019-05-27 07:00:00,0.03,3500
Archipel des Chagos,48,2019-05-23 22:30:00,0.00,0
Conseils épargne,48,2019-06-02 07:00:00,0.23,180
Alizée,48,2019-05-27 07:00:00,0.30,5550
Ghostbusters 3,48,2019-06-30 07:00:00,0.00,0
Crème anti-rides,48,2019-06-03 07:00:00,0.69,280
Buzz Aldrin,48,2019-07-03 22:30:00,0.00,790
Vigilance orange,48,2019-06-27 23:00:00,0.00,190
Offres téléphone,48,2019-03-24 07:00:00,0.16,40
Tour de Suisse,48,2019-06-24 07:00:00,0.00,0
Hôtel Londres,48,2019-04-28 07:00:00,1.80,21880
Rallye du Portugal,48,2019-06-03 07:00:00,0.00,0
Permis de conduire,48,2019-06-09 07:00:00,0.00,0
Naufrage Vendée,48,2019-06-09 07:00:00,0.00,530
Offre matelas,48,2019-04-28 07:00:00,0.44,4510
Meilleur taux épargne,48,2019-02-19 06:30:00,0.11,40
Grève Suisse,48,2019-06-16 07:00:00,0.00,540
Crèmes solaires,48,2019-07-01 07:00:00,0.30,210
Disneyland Paris,48,2019-03-25 07:00:00,0.40,22600
Conseils financiers,48,2019-03-10 07:00:00,0.00,20
Grand Prix du Canada,48,2019-06-10 07:00:00,0.00,0
Robe de mariée,48,2019-04-22 07:00:00,0.00,0
Kawhi Leonard,48,2019-06-17 07:00:00,0.04,2180
Ian Bailey,48,2019-06-02 07:00:00,0.00,760
Cyril Lignac,48,2019-06-16 07:00:00,0.06,2290
Grand Prix d'Autriche,48,2019-07-01 07:00:00,0.00,0
Offres téléviseurs,48,2019-05-12 07:00:00,0.00,0
Tournoi de Halle,48,2019-06-23 07:00:00,0.00,0
Promotion lave-linge,48,2019-03-10 07:00:00,0.25,30
Nekfeu,48,2019-06-24 07:00:00,0.14,6000
Marine Lorphelin,48,2019-06-30 07:00:00,0.00,2650
Laury Thilleman,48,2019-06-10 07:00:00,0.08,3390
Pierre Gasly,48,2019-06-23 07:00:00,0.04,630
Gilles Lellouche,48,2019-06-02 07:00:00,0.00,6590
Offre voiture,48,2019-03-31 07:00:00,0.55,42670
Soins homme,48,2019-06-16 07:00:00,0.24,40
Louis de Funès,48,2019-06-06 22:30:00,0.00,0
Vaimalama Chaves,48,2019-06-27 23:00:00,0.00,4070
Investissement locatif,48,2019-02-25 07:00:00,2.74,2840
Carola Rackete,48,2019-07-03 22:30:00,0.00,3500
Conseils juridiques,48,2019-03-11 07:00:00,0.30,30
Eva Kleinitz,48,2019-06-03 07:00:00,0.00,840
Vols discount Espagne,48,2019-03-11 07:00:00,0.00,0
Téléviseur LCD,48,2019-02-25 07:00:00,0.26,110
Tickets concert,48,2019-03-04 07:00:00,0.13,30
Site de rencontre,48,2019-05-27 07:00:00,0.00,10
Ivanka Trump,48,2019-07-03 22:30:00,0.00,1910
Grille-pain,48,2019-02-24 07:00:00,0.16,2120
Attaques pétroliers,48,2019-06-16 07:00:00,0.00,750
Valérie Pécresse,48,2019-06-06 22:30:00,0.00,8890
Rachat de crédit,48,2019-04-22 07:00:00,0.00,0
Lance Stroll,48,2019-06-09 07:00:00,0.00,90
Billet avion,48,2019-06-10 07:00:00,0.74,40110
Jean-Pierre Pernaut,48,2019-07-03 22:30:00,0.00,2910
Charles Leclerc,48,2019-05-26 07:00:00,0.06,2080
Jeux Xbox,48,2019-03-23 07:00:00,0.12,320
Canapé convertible,48,2019-03-11 07:00:00,0.51,10070
Vélo VTT,48,2019-06-09 07:00:00,0.13,470
Sylvinho,48,2019-05-20 07:00:00,0.00,4560
Garance Teillet,48,2019-06-13 22:30:00,0.00,110
Coque iPad,48,2019-05-26 22:30:00,0.39,150
Centrifugeuse,48,2019-05-26 20:30:00,0.50,1530
Enceintes Bose,48,2019-03-31 07:00:00,0.12,170
Robes de soirée,48,2019-06-10 07:00:00,0.00,0
Valises cabine,48,2019-06-24 07:00:00,0.32,140
Adam Yates,48,2019-06-16 07:00:00,0.00,110
Alix Mahieux,48,2019-07-03 22:30:00,0.00,30
Montre femme,47,2019-05-25 15:30:00,0.51,2490
Sac à main Longchamp,47,2019-05-26 12:00:00,0.00,240
Marvel Phase 4,47,2019-05-09 22:30:00,0.00,0
MacBook Pro,47,2019-05-28 22:30:00,0.23,3770
Chemisier femme,47,2019-05-26 13:30:00,0.56,820
Chaussons homme,47,2019-06-17 07:30:00,0.27,180
Bracelet Swarovski,47,2019-05-25 23:30:00,0.49,430
Meilleur Android,47,2019-05-19 07:00:00,0.00,110
Ciel rayons X,47,2019-06-05 22:00:00,0.00,190
Gérard Larcher,47,2019-06-05 22:00:00,0.00,2580
Grève hôpitaux,46,2019-06-20 23:10:00,0.00,780
Dany Boon,46,2019-06-20 23:10:00,0.00,3360
Forfait manicure,46,2019-05-26 11:00:00,0.00,0
Réforme ferroviaire,46,2019-06-04 21:30:00,0.00,240
Fitbit,46,2019-05-26 20:00:00,0.67,5910
Ecouteurs Beats,46,2019-06-24 23:00:00,0.17,100
Homo luzonensis,46,2019-04-11 23:30:00,0.00,0
Coussin design,46,2019-05-26 17:30:00,0.27,100
Livraison repas,46,2019-05-26 20:30:00,0.55,1230
François Weyergans,46,2019-05-28 22:30:00,0.04,490
Diner concert,46,2019-05-26 21:30:00,0.00,60
Promotion draps,45,2019-03-14 03:30:00,1.19,0
Kit brassage de bière,45,2019-06-16 18:30:00,0.00,0
Lunettes Dior,45,2019-05-26 08:30:00,0.29,120
Privatisation ADP,45,2019-05-09 23:00:00,0.03,990
Livraison roses,45,2019-05-26 19:00:00,0.83,90
Climatiseur,44,2019-07-04 20:30:00,0.53,2930
Assortiment macarons,44,2019-05-26 14:30:00,0.03,30
Éruption Stromboli,44,2019-07-04 20:30:00,0.00,30
Panier gastronomique,44,2019-05-26 21:30:00,0.21,60
Réservation train,44,2019-03-20 16:00:00,0.15,3180
BTS,43,2019-04-15 07:00:00,0.29,17540
Montre Swatch,43,2019-05-25 21:00:00,0.35,1020
Macarons,43,2019-05-26 18:30:00,0.20,780
Nintendo Mini Switch,43,2019-07-04 20:00:00,0.00,20
Chemisette homme,43,2019-06-17 00:00:00,0.41,310
Crème pour les mains,43,2019-05-26 14:00:00,0.00,0
Bracelet Pandora,43,2019-05-26 20:00:00,0.32,1880
Pyjama en satin,43,2019-05-26 22:00:00,0.00,0
Crème visage,43,2019-05-26 10:00:00,1.22,140
Veste en jean,42,2019-05-26 11:00:00,0.00,0
Meilleur taux crédit,42,2019-03-06 18:00:00,0.66,220
Raymond Barre,42,2019-07-04 19:30:00,0.00,440
Bague fantaisie,42,2019-05-26 10:30:00,0.28,200
Carte cadeau,42,2019-05-15 23:30:00,0.50,3620
Appareil photo Canon,42,2019-05-26 17:30:00,0.16,720
Enceinte Bose,42,2019-05-26 22:30:00,0.24,1390
Henry Cavill,42,2019-07-04 19:30:00,0.04,1610
Panier gourmand,41,2019-05-26 09:30:00,0.71,260
Piscine hors sol,41,2019-07-01 22:00:00,0.47,8850
Foulard Desigual,41,2019-05-26 19:30:00,0.10,210
Promotion vols,41,2019-04-27 07:00:00,0.56,20
Meilleures offres mobile,41,2019-05-26 21:30:00,0.27,50
Croisière Méditerranée,41,2019-05-26 05:30:00,0.90,3230
Boite à bijoux,41,2019-05-26 15:00:00,0.00,640
Liste de mariage,41,2019-05-30 23:00:00,0.00,0
Tickets concerts,41,2019-05-26 14:30:00,0.06,50
Cartes cadeaux,41,2019-05-26 11:00:00,0.84,140
Chocolats de Pâques,41,2019-04-20 07:00:00,0.00,0
Bijoux maman enfant,40,2019-05-26 22:00:00,0.03,40
Livraison sushis,40,2019-05-26 22:30:00,0.30,40
Bougies,40,2019-05-26 16:00:00,0.27,560
Bracelet Hermès,40,2019-05-26 20:30:00,0.24,270
Grève urgences,40,2019-06-07 18:30:00,0.00,930
Xbox One,40,2019-06-21 17:00:00,0.14,4600
Montre Guess,40,2019-05-26 16:00:00,0.19,340
Gal Gadot,39,2019-06-07 18:00:00,0.04,3490
Soins des pieds,39,2019-05-26 15:00:00,0.00,0
Hélicoptère New York,39,2019-06-11 18:30:00,0.96,1660
Masques Origins,39,2019-05-26 17:00:00,0.00,40
Collier Swarovski,39,2019-05-26 19:30:00,0.43,280
Hôtel dernière minute,38,2019-05-26 13:00:00,1.22,440
Loi Blanquer,38,2019-05-22 18:00:00,0.00,4190
Sacs sport,38,2019-04-16 19:00:00,0.17,30
Week-end surprise,38,2019-05-26 03:00:00,0.19,60
Sac à main Guess,38,2019-05-26 20:00:00,0.00,290
MacBook Air,38,2019-05-26 04:30:00,0.32,3250
Aspirateur sans sac,38,2019-05-27 16:00:00,0.58,2880
Foulard Hermès,38,2019-05-26 18:00:00,0.16,250
Palette Clarins,38,2019-05-26 18:30:00,0.09,40
Vernis à ongles Chanel,38,2019-05-26 19:00:00,0.00,30
Agnès Buzyn,38,2019-06-11 18:00:00,0.00,4460
Compte bancaire,38,2019-06-17 23:30:00,1.08,57290
Vernis à ongles e.l.f.,38,2019-05-26 08:30:00,0.00,0
Rideaux couleurs,38,2019-04-16 19:00:00,0.07,770
Palette Dior,38,2019-05-26 15:30:00,0.42,50
Rouges à lèvres Dior,37,2019-05-26 19:00:00,0.00,10
Vacances tout compris,37,2019-05-26 05:00:00,0.76,550
Réservation dernière minute,37,2019-05-26 10:30:00,1.06,80
Méthane Mars,37,2019-06-25 17:30:00,0.00,200
Lunettes Chanel,37,2019-05-26 22:30:00,0.31,170
Meilleur TV LED,37,2019-05-27 15:30:00,0.03,1930
Cadeau original,37,2019-05-25 12:00:00,0.27,520
Diffuseur d'huiles essentielles,37,2019-05-26 14:30:00,0.00,0
Sarah Sanders,37,2019-06-14 17:00:00,0.00,60
Christopher Walken,37,2019-06-25 17:30:00,0.00,550
Bague perle,37,2019-05-26 17:00:00,0.33,190
Bijou personnalisé,37,2019-05-26 10:30:00,0.51,80
Portefeuille femme,37,2019-05-26 15:00:00,0.33,810
Luc Besson,37,2019-05-15 18:00:00,0.04,3620
Mobile d'occasion,36,2019-04-18 17:00:00,0.00,0
Téléphone Android,36,2019-05-26 21:00:00,0.20,150
Soins visage Estée Lauder,36,2019-05-26 21:30:00,0.00,0
Parfum Jo Malone,36,2019-05-26 13:00:00,0.27,50
Pantalon homme,36,2019-04-17 17:30:00,0.33,2660
Vernis à ongles,36,2019-05-26 22:00:00,0.00,420
Speakers Bose,36,2019-05-26 13:30:00,0.08,60
La Reine des Neiges 2,36,2019-06-12 17:00:00,0.00,0
Achat appartement,36,2019-04-18 17:00:00,0.81,2230
Salvator Mundi,36,2019-06-12 17:00:00,0.04,900
Prise d'otages prison,36,2019-06-12 17:00:00,0.00,0
Meilleur placement,36,2019-04-17 17:30:00,0.61,1970
Robe de soirée,36,2019-05-26 06:30:00,0.00,10
Sommet GOsaka,36,2019-06-29 07:00:00,0.00,0
Offres hotels,36,2019-05-26 19:30:00,0.99,10
Fusion Renault-Fiat,36,2019-05-28 17:30:00,0.00,830
Abonnement magazine,36,2019-05-14 17:00:00,0.28,1560
Parfum Chanel,36,2019-05-26 14:00:00,0.67,480
Agnès Thill,36,2019-06-27 17:00:00,0.00,3480
Voiture SUV,36,2019-07-02 23:00:00,0.94,80510
Sony PS5,36,2019-04-17 17:30:00,0.00,50
Nintendo Game Boy,36,2019-04-23 17:00:00,0.03,50
Livraison chocolats,35,2019-05-26 17:00:00,0.46,110
Palette Urban Decay,35,2019-05-26 19:00:00,0.32,80
Lunettes Oakley,35,2019-05-26 20:00:00,0.42,280
Abri voiture,35,2019-04-25 17:00:00,0.57,1290
Jupe courte,35,2019-06-27 16:30:00,0.24,310
Barbecue Weber,35,2019-06-20 23:10:00,0.31,4280
Comparatif offres ADSL,35,2019-05-09 16:30:00,0.24,110
Séjour tout inclus,35,2019-05-26 21:30:00,0.63,340
Meilleurs placements,35,2019-04-25 17:00:00,0.24,1980
Call of Duty : Modern Warfare,35,2019-05-31 16:30:00,0.06,720
Affaire Balkany,35,2019-05-15 17:00:00,0.00,2250
Gérard Collomb,35,2019-06-06 16:00:00,0.00,4060
Attentat Tunis,35,2019-06-28 16:30:00,0.00,100
Week-end Italie,35,2019-06-27 16:30:00,0.58,470
Promo lave-linge,35,2019-04-19 17:00:00,0.33,210
Pyjama en soie,35,2019-05-26 09:30:00,0.00,0
Cafetière Nespresso,35,2019-05-26 15:00:00,0.53,1110
Rachid El Jay,35,2019-06-28 16:30:00,0.00,210
Perle noire,35,2019-05-25 13:30:00,0.17,230
Billet d'avion,35,2019-06-28 16:30:00,0.00,0
Huile de bain,34,2019-05-26 14:30:00,0.00,0
Thierry Ardisson,34,2019-05-31 16:00:00,0.00,6440
Mick Micheyl,34,2019-05-17 16:30:00,0.04,8520
Coffret bien-être,34,2019-05-26 21:00:00,0.40,30
Cadeau femme,34,2019-05-26 12:00:00,0.40,680
Sac Longchamp,34,2019-05-26 18:00:00,0.16,2040
Enquête Mueller,34,2019-04-24 16:30:00,0.00,0
Permis moto,34,2019-05-04 05:00:00,0.33,2730
Chaussons femme,34,2019-05-26 17:30:00,0.27,270
Livraison macarons,34,2019-05-26 22:00:00,0.11,70
Paris sportifs,34,2019-05-21 16:30:00,0.00,0
Coffret champagne,34,2019-05-26 17:30:00,0.22,50
Parfum Frédéric Malle,34,2019-05-26 04:30:00,0.19,20
Pêle-mêle photos,34,2019-05-26 16:30:00,0.28,130
Rencontres seniors,34,2019-04-09 16:30:00,0.38,390
Stages méditation,34,2019-05-26 20:30:00,0.00,20
Ceinture femme,33,2019-05-25 22:00:00,0.34,540
Prêt hypothécaire,33,2019-02-20 17:30:00,0.74,19020
Barack Obama,33,2019-06-17 23:30:00,0.10,4240
Peignoir femme,33,2019-05-26 16:30:00,0.35,480
Martin Scorsese,33,2019-06-14 15:00:00,0.00,1090
Judith et Holopherne,33,2019-06-26 15:00:00,0.00,0
Jouets bébé,33,2019-05-16 16:00:00,0.14,80
Rangement cuisine,33,2019-04-05 16:00:00,0.31,300
Collier fantaisie,33,2019-05-25 05:00:00,0.43,230
Chaussures femmes,33,2019-05-26 15:00:00,0.22,2840
iPad,33,2019-05-26 20:00:00,0.17,10630
Doctor Sleep,33,2019-06-17 23:30:00,0.00,60
James Marsden,33,2019-06-26 15:00:00,0.00,760
Prêt étudiant,33,2019-04-11 17:00:00,0.53,1600
Coffret chocolats,33,2019-05-25 12:30:00,0.00,20
Boite à bonbons,32,2019-05-26 03:00:00,0.00,30
Parfum Diptyque,32,2019-05-26 02:30:00,0.39,80
Michelle Obama,32,2019-06-15 07:00:00,0.20,2560
Forfait téléphone,32,2019-02-21 17:30:00,0.80,25530
Apple iPad mini,32,2019-05-25 13:00:00,0.19,70
Rouges à lèvres Chanel,32,2019-05-26 01:30:00,0.00,10
Séjours pas chers,31,2019-05-26 20:00:00,0.78,6370
Appareil massage pieds,31,2019-05-26 22:30:00,0.29,270
Achat maison,31,2019-02-22 18:30:00,0.24,2750
Speakers Bluetooth,31,2019-05-26 22:00:00,0.12,30
Bijoux uniques,31,2019-05-25 08:00:00,0.00,100
Séjour tout compris,31,2019-04-10 15:00:00,0.92,2150
Location maison,31,2019-05-18 07:00:00,0.17,4120
Diffuseur d'huiles,31,2019-05-26 02:30:00,0.00,0
Jonathann Daval,31,2019-06-18 15:00:00,0.00,300
Faire-part personnalisé,31,2019-06-15 07:00:00,0.99,60
Parfum femme,31,2019-05-26 01:00:00,0.60,2240
Grève en Suisse,31,2019-06-15 07:00:00,0.00,0
Produits gastronomiques,31,2019-05-26 16:30:00,0.11,40
Parka femme,31,2019-03-05 08:00:00,0.27,450
Accident de Millas,31,2019-05-18 07:00:00,0.00,0
Ecouteurs Bose,31,2019-05-26 19:00:00,0.18,170
Coffret massage,30,2019-05-26 03:00:00,0.66,80
Adidas enfant,30,2019-06-08 07:00:00,0.28,170
Maurice Bénichou,30,2019-06-18 14:30:00,0.00,7830
Livre photo,30,2019-05-26 21:00:00,1.15,34340
Bougies parfumées,30,2019-05-26 16:00:00,0.28,160
Boucles d'oreille fantaisie,30,2019-05-26 17:30:00,0.00,0
Forfait mobile,30,2019-05-23 23:00:00,0.56,24900
Ordinateurs portables,30,2019-05-26 13:00:00,0.11,1350
Coffret thé,30,2019-05-26 12:30:00,0.59,70
Sac Louis Vuitton,30,2019-05-26 22:30:00,0.15,1040
Coffret Lancôme,30,2019-05-26 22:30:00,0.32,20
Meilleur taux,30,2019-04-04 04:30:00,0.41,28540
Pyjama femme,30,2019-05-25 21:30:00,0.49,1220
Promotion vacances,29,2019-04-06 07:00:00,0.87,40
Croisière en Europe,29,2019-05-26 09:00:00,0.00,0
Boucles d'oreille Chanel,29,2019-05-26 21:30:00,0.00,0
Heure d'été,29,2019-03-31 07:00:00,0.00,0
Billet de train,29,2019-06-29 07:00:00,0.00,10
Bourse de Paris,29,2019-05-18 07:00:00,0.00,0
Soldes été 2019,29,2019-06-29 07:00:00,0.00,0
Robes printemps,29,2019-04-06 07:00:00,0.16,100
Promotion gazon,29,2019-03-21 06:30:00,0.00,10
Chris Brown,29,2019-05-29 13:00:00,0.23,2370
Rouges à lèvres MAC,29,2019-05-26 21:30:00,0.00,10
Table de jardin,29,2019-06-03 22:30:00,0.00,0
Sandra Muller,29,2019-05-30 23:00:00,0.00,3250
Chapeau femme,29,2019-05-26 20:30:00,0.31,610
Veste polaire,29,2019-02-27 18:00:00,0.31,200
Uber en bourse,29,2019-05-11 07:00:00,0.00,0
Séjours détente,29,2019-05-26 17:00:00,0.00,0
Soins Yves Rocher,29,2019-05-26 08:30:00,0.03,160
Boucles d'oreille or,29,2019-05-26 19:00:00,0.00,0
Réservation restaurant,29,2019-05-26 17:00:00,0.21,70
Soins corps,29,2019-05-26 09:00:00,0.25,140
Satellites SpaceX,29,2019-05-30 23:00:00,0.00,140
Permis voiture,29,2019-03-16 07:00:00,0.55,360
Blake et Mortimer,29,2019-05-30 23:00:00,0.00,0
Parfum Guerlain,29,2019-05-26 21:30:00,0.49,440
Coussin massage dos,29,2019-05-24 22:00:00,0.09,90
Otages libérés,29,2019-05-11 07:00:00,0.00,40
Héritage Johnny Hallyday,29,2019-05-29 13:00:00,0.03,740
Vernis à ongles essie,29,2019-05-26 14:00:00,0.00,20
Sebastian Kurz,29,2019-05-29 13:00:00,0.00,1680
Elizabeth Warren,28,2019-06-28 13:00:00,0.03,3840
Sac en cuir,28,2019-05-26 10:30:00,0.00,0
Enceintes sans fil,28,2019-06-22 07:00:00,0.11,120
Coffret beauté,28,2019-05-26 13:00:00,0.56,80
Cadeaux pour elle,28,2019-02-13 20:30:00,0.00,0
Pantalon en lin,28,2019-05-24 21:30:00,0.00,0
Sac femme,28,2019-03-15 06:30:00,0.21,5990
Vase en cristal,28,2019-05-26 08:00:00,0.00,0
Boucles d'oreille diamant,28,2019-05-26 22:00:00,0.00,0
Meilleur forfait internet,28,2019-03-15 06:30:00,0.74,60
Costumes homme,28,2019-05-16 23:30:00,0.29,170
Blouson homme,28,2019-03-02 07:00:00,0.33,1240
Mike Pence,28,2019-06-22 07:00:00,0.00,210
Coffret gourmand,28,2019-05-25 16:00:00,0.39,100
Bague femme,28,2019-03-07 17:30:00,0.38,330
Devis travaux,28,2019-02-28 18:00:00,1.29,2120
Marc Jacobs Beauty,28,2019-05-26 17:30:00,0.09,80
Fête de la musique,28,2019-06-22 07:00:00,0.00,0
Sac Chanel,28,2019-05-26 16:30:00,0.09,710
Bottes femme,28,2019-02-16 07:00:00,0.23,130
Robe en soie,28,2019-05-26 20:00:00,0.00,0
Week-end Venise,28,2019-02-16 21:00:00,0.67,480
Trottinette électrique,28,2019-04-20 07:00:00,0.17,11410
Boucles d'oreille Swarovski,28,2019-05-26 20:00:00,0.00,0
Vacances Maroc,28,2019-03-21 06:00:00,0.95,320
Forfait illimité,28,2019-04-20 07:00:00,0.49,5860
Sony Xperia,27,2019-02-26 17:30:00,0.24,2600
Machine expresso,27,2019-02-13 20:30:00,0.71,500
Soins des mains,27,2019-05-26 18:00:00,0.00,0
Séjours thalasso,27,2019-03-06 07:30:00,1.50,400
Diffuseur d'arômes,27,2019-05-26 22:30:00,0.00,0
Week-end dernière minute,27,2019-03-09 07:00:00,0.57,7540
Outils jardin,27,2019-03-12 06:30:00,0.12,490
Festival Series Mania,27,2019-03-26 20:00:00,0.00,20
Meilleure banque,27,2019-02-13 20:30:00,1.72,1580
Foulard,27,2019-05-26 06:00:00,0.25,920
Soins corps Caudalie,27,2019-05-26 16:00:00,0.00,20
Coffret Clarins,26,2019-05-26 16:00:00,0.56,90
Sac à main,26,2019-05-26 07:00:00,0.00,2900
Doudoune femme,26,2019-02-19 07:00:00,0.30,560
Streaming Apple,26,2019-03-26 19:30:00,0.00,10
Bouquet de ballons,26,2019-05-26 20:30:00,0.00,0
Occasion voiture,26,2019-03-21 18:30:00,0.09,1030
Coffret week-end,26,2019-05-26 19:30:00,1.16,50
Leonardo Araújo,26,2019-06-10 20:00:00,0.00,50
Nouveau parfum,26,2019-03-26 19:30:00,0.11,120
Bijoux Agatha,26,2019-05-26 19:00:00,0.06,350
Crèmes anti-rides,26,2019-02-26 17:00:00,0.53,60
Coffret bain,26,2019-05-26 22:00:00,0.14,60
Trousse de maquillage,25,2019-05-26 16:30:00,0.00,0
Vente maison,25,2019-03-12 19:00:00,0.30,1570
Comparateur prêt,25,2019-02-26 17:00:00,1.45,50
Samsung TV,25,2019-03-22 07:00:00,0.29,390
Parfum Dior,25,2019-05-26 09:30:00,0.55,560
Chauffage d'appoint,25,2019-02-16 19:30:00,0.00,0
Comparateur vols,25,2019-03-22 07:00:00,0.87,3760
Veste homme,25,2019-03-26 06:30:00,0.39,6740
Hôtels Barcelone,25,2019-04-13 07:00:00,0.85,26290
Set de manucure,25,2019-05-25 08:00:00,0.00,0
Prêt en ligne,25,2019-02-16 19:30:00,0.00,0
Permis vélo,25,2019-04-13 07:00:00,0.00,80
Soins massage,25,2019-02-08 17:30:00,0.79,30
Chemisiers femme,25,2019-03-08 06:00:00,0.26,90
Set de pédicure,25,2019-05-26 21:30:00,0.00,0
Soins spa cheveux,25,2019-05-26 18:30:00,0.00,30
Boucles d'oreille argent,25,2019-05-26 06:30:00,0.00,0
Outils bricolage,24,2019-03-22 19:00:00,0.12,120
François Fillon,24,2019-07-05 09:00:00,0.00,60
Téléphone d'occasion,24,2019-03-02 19:30:00,0.00,0
Billets d'avion,24,2019-04-02 06:00:00,0.00,0
Livres numériques,24,2019-04-02 06:00:00,0.24,150
Stage de yoga,24,2019-05-25 23:30:00,0.00,0
Diffuseur de parfum,24,2019-05-26 02:30:00,0.00,0
Séisme Los Angeles,24,2019-07-05 09:00:00,0.00,20
Meilleure offre SUV,24,2019-04-02 05:30:00,0.00,0
Bernard Preynat,24,2019-07-05 09:00:00,0.00,60
Vols États-Unis,23,2019-04-03 04:00:00,0.49,30
Procès indépendantistes,23,2019-02-17 07:00:00,0.00,0
Montre connectée,23,2019-02-11 18:30:00,0.31,6820
Star Wars: The Mandalorian,23,2019-07-05 09:00:00,0.00,20
Soins visage Fresh,23,2019-05-26 10:00:00,0.30,30
Week-end en amoureux,23,2019-02-14 08:00:00,0.00,0
Soins Clinique,23,2019-05-25 15:00:00,0.08,20
Halle Bailey,23,2019-07-05 09:00:00,0.00,0
Set de maquillage,23,2019-05-26 22:30:00,0.00,0
Parfum d'ambiance,23,2019-05-26 20:30:00,0.00,0
Bague diamant,22,2019-05-06 23:30:00,0.71,650
Tenue de ski enfant,22,2019-02-19 18:00:00,0.00,0
Réservation avion,22,2019-03-18 16:30:00,1.02,300
Sandales femme,22,2019-07-01 22:00:00,0.23,1410
Chaussures sport,22,2019-05-04 05:00:00,0.53,560
Places spectacles,22,2019-05-04 05:00:00,0.13,60
Promotion matelas,22,2019-02-18 18:00:00,0.41,800
Logiciel photo,22,2019-05-26 06:00:00,0.24,1060
Bague de fiançailles,22,2019-03-18 16:30:00,0.00,10
Défilé Chanel,22,2019-05-04 05:00:00,0.00,70
John Bolton,22,2019-06-17 18:00:00,0.00,610
Coffret Yves Saint Laurent,22,2019-05-26 14:30:00,0.19,60
Téléviseur Samsung,21,2019-04-29 17:30:00,0.17,6530
Huile de massage,21,2019-05-25 20:00:00,0.00,0
Placement bancaire,21,2019-03-05 18:00:00,0.38,50
Foulard en soie,21,2019-05-25 14:30:00,0.00,10
Aina Kuric,21,2019-06-10 17:30:00,0.00,30
Séjours tout compris,21,2019-02-14 17:30:00,0.76,110
Mocassins homme,21,2019-02-26 04:00:00,0.36,540
Purificateur d'air,21,2019-02-25 17:30:00,0.00,0
Croisière pas chère,21,2019-04-02 16:30:00,0.91,720
Céline Lechanteur,21,2019-06-03 17:30:00,0.00,290
Ada Hegerberg,21,2019-06-12 22:30:00,0.00,2230
Impôt sur le revenu,21,2019-02-26 04:00:00,0.00,0
PC portable,21,2019-03-19 16:30:00,1.14,4270
Julien Clerc,21,2019-06-03 17:30:00,0.07,6590
Meilleures mutuelles,20,2019-03-13 05:00:00,0.74,140
Crèmes minceur,20,2019-03-27 05:30:00,1.64,20
Soins beauté,20,2019-05-26 22:00:00,0.62,40
Achat voiture,20,2019-02-27 03:00:00,0.47,2140
Comparateur assurances,20,2019-06-10 17:00:00,0.59,29750
Marc Lavoine,20,2019-06-10 17:00:00,0.05,4850
Week-end montagne,20,2019-02-17 07:00:00,0.63,30
Extracteur de jus,20,2019-05-26 12:00:00,0.00,10
Bouquet de roses,19,2019-05-25 10:00:00,0.00,0
Rideaux sur mesure,19,2019-03-15 16:30:00,0.00,0
Mutuelle pas chère,19,2019-03-15 16:30:00,1.24,18830
Projet de loi santé,19,2019-03-27 05:30:00,0.00,0
Trousse de voyage,19,2019-05-25 09:30:00,0.00,0
Robot aspirateur,19,2019-02-22 03:00:00,0.30,1860
Lyft en bourse,19,2019-03-30 16:30:00,0.00,0
Vols discount Portugal,19,2019-03-17 16:30:00,0.00,0
Coffret maquillage,19,2019-05-25 18:30:00,0.51,390
Machine à laver,19,2019-03-04 16:30:00,0.00,9160
Monte-escalier,18,2019-03-01 02:30:00,3.69,1230
Devis peinture,18,2019-05-30 17:30:00,0.68,2090
Chemise homme,18,2019-05-30 17:30:00,0.60,1910
Meilleur prix lunettes,18,2019-02-15 17:10:00,0.00,10
Bouquet de fleurs,18,2019-05-26 04:30:00,0.00,0
Vétérinaire en ligne,18,2019-03-11 16:30:00,0.00,0
Fauteuils en cuir,18,2019-03-11 16:30:00,0.00,0
Location Toscane,17,2019-04-10 23:30:00,1.62,140
Mobilier jardin,17,2019-04-10 23:30:00,0.36,3100
Romain Danzé,17,2019-05-27 15:30:00,0.00,120
Lunettes homme,16,2019-02-21 01:30:00,0.46,100
Volcan Ulawun,16,2019-06-26 23:00:00,0.00,560
Colis piégé Lyon,16,2019-05-27 23:30:00,0.00,130
Boite de chocolats,16,2019-05-26 20:00:00,0.00,0
Achat en ligne,16,2019-06-18 23:00:00,0.00,0
Caméra surveillance,16,2019-06-18 23:00:00,0.69,3000
Séisme au Japon,16,2019-06-18 23:00:00,0.00,0
Offre croisière,16,2019-06-18 23:00:00,1.12,60
Robe longue,16,2019-06-26 23:00:00,0.29,4740
Livraison courses,15,2019-05-05 07:00:00,0.85,2170
Linge de bain,15,2019-05-26 17:00:00,0.00,0
Week-end tout compris,14,2019-06-20 23:10:00,0.44,340
Palette de maquillage,14,2019-05-26 15:30:00,0.00,10
Comparateur forfaits mobile,14,2019-04-09 23:30:00,0.00,10
Prêt gratuit,13,2019-06-06 22:30:00,0.17,1680
Tour d'Italie,13,2019-05-21 23:00:00,0.00,0
Vacances Portugal,13,2019-04-11 23:30:00,0.46,2680
Achat voiture SUV,13,2019-05-14 23:30:00,0.42,50
Vestes homme,13,2019-04-18 23:30:00,0.34,110
Billets pas chers,13,2019-05-07 23:30:00,0.80,170
Robes cocktail,13,2019-05-20 23:30:00,0.24,570
Cadeaux mariage,13,2019-05-21 23:00:00,0.40,290
Leonardo DiCaprio,13,2019-05-21 23:00:00,0.05,11720
Offres SUV,12,2019-06-13 22:30:00,0.25,20
Molières 2019,12,2019-05-13 23:00:00,0.00,0
OnePlus 7 Pro,12,2019-05-14 23:30:00,0.00,0
Marion Maréchal,12,2019-06-27 23:00:00,0.04,7980
Attaque pétroliers,12,2019-06-13 22:30:00,0.00,280
Collier de perles,12,2019-05-24 10:00:00,0.00,0
Édouard Baer,12,2019-05-14 23:30:00,0.24,1970
Bac Français 2019,12,2019-06-17 23:30:00,0.00,0
Plancha gaz,12,2019-04-22 23:00:00,0.42,3950
Fête des Pères,12,2019-06-13 22:30:00,0.00,10
Christine Lagarde,12,2019-07-04 20:30:00,0.00,880
Christopher Froome,11,2019-06-12 22:30:00,0.04,510
Prix des carburants,11,2019-05-07 23:00:00,0.00,0
Appel de Christchurch,11,2019-05-15 23:30:00,0.00,0
Vacances Espagne,11,2019-06-10 22:30:00,0.29,9430
Produits piscine,11,2019-06-10 22:30:00,0.18,240
Location chaussures,10,2019-07-03 22:30:00,0.03,30
Josiane Balasko,10,2019-07-02 23:00:00,0.13,3320
Projet de loi Hong Kong,10,2019-06-10 22:30:00,0.00,0
Commémorations D-Day,10,2019-06-03 22:30:00,0.00,0
Soldes robes,10,2019-07-02 23:00:00,0.09,180
Billets de train,10,2019-06-03 22:30:00,0.00,0
Éliminatoires EURO 2020,10,2019-06-11 23:00:00,0.00,0
Console de jeux,10,2019-04-17 23:00:00,0.00,0
David Pujadas,10,2019-06-03 22:30:00,0.00,620
Carla Bruni,10,2019-06-25 22:33:00,0.24,4640
Compte en ligne,10,2019-06-24 23:00:00,0.00,0
Séjours Espagne,10,2019-07-02 23:00:00,0.61,40
Soldes chaussures,10,2019-07-03 22:30:00,0.49,800
Maillot grande taille,10,2019-06-25 22:33:00,0.33,180
Ekrem İmamoğlu,10,2019-06-24 23:00:00,0.00,0
Marion Cotillard,9,2019-05-22 22:30:00,0.05,15860
PlayStation 5,9,2019-05-22 22:30:00,0.00,0
Privatisation Groupe ADP,9,2019-06-11 23:00:00,0.00,100
Prêt travaux,9,2019-05-22 22:30:00,0.89,19390
Placement retraite,8,2019-04-16 23:30:00,0.25,150
Hôtels Rome,8,2019-04-16 23:30:00,0.25,18370
Grève fonction publique,8,2019-05-08 23:00:00,0.00,120
Journée internationale des femmes,7,2019-03-08 06:00:00,0.00,0
Chaussons Isotoner,6,2019-05-26 02:30:00,0.19,80
Gérard Depardieu,5,2019-06-04 21:30:00,0.04,3260
Carte bancaire gratuite,4,2019-06-04 21:30:00,0.69,27430
Vols Madrid,4,2019-06-04 21:30:00,0.76,50
Arrosage automatique,4,2019-06-04 21:30:00,0.17,1750
Anne Vanderlove,3,2019-07-04 21:30:00,0.00,270
Djihadistes français,3,2019-06-04 21:30:00,0.11,180
Serviettes de bain,3,2019-06-19 23:30:00,0.00,0
Soldes chemises,2,2019-07-04 20:30:00,0.28,40
Téléphone gratuit,2,2019-04-30 01:00:00,1.81,260
Roméo Elvis,2,2019-07-04 21:30:00,0.28,5620
XV de France,2,2019-04-30 01:00:00,0.00,0
Renault-Fiat-Chrysler,1,2019-05-27 16:00:00,0.00,180